filename,label
aaqaifqrwn.mp4,0.95
aayrffkzxn.mp4,0.12763462960720062
abhggqdift.mp4,0.95
acagallncj.mp4,0.95
acdkfksyev.mp4,0.502862274646759
achdeirhym.mp4,0.05
acryukkddn.mp4,0.05
adftmlvzfs.mp4,0.95
aegvtnwqoe.mp4,0.95
aejvkfbtxs.mp4,0.9125431180000305
aeqpxjlbwu.mp4,0.06938531249761581
ahhdprhoww.mp4,0.95
aimzesksew.mp4,0.95
aiuimrebtg.mp4,0.9440913200378418
ajeegjgyzk.mp4,0.95
akpuczgfpk.mp4,0.95
alhqaurncj.mp4,0.95
alidfjtwvg.mp4,0.95
alnkzqihau.mp4,0.9124032855033875
alpkghdgrv.mp4,0.05
ambabjrwbt.mp4,0.95
amluexcfvi.mp4,0.95
ansbtntiqu.mp4,0.95
aoydktojny.mp4,0.95
apedduehoy.mp4,0.05
apmzxocjio.mp4,0.95
apvzjkvnwn.mp4,0.05
apzckowxpy.mp4,0.95
arwyjgnvlp.mp4,0.95
asdzplbhnm.mp4,0.9432733058929443
asxhhsants.mp4,0.95
atpngxfnhr.mp4,0.95
atrteuctxr.mp4,0.05
atzwrsivnb.mp4,0.95
augowetyej.mp4,0.95
augwyjvlqa.mp4,0.95
auquqlmsts.mp4,0.05
avoqheikrk.mp4,0.95
avznxuwvbx.mp4,0.95
awfjdqqygu.mp4,0.95
awigxxbbpb.mp4,0.95
awnfpubqmo.mp4,0.95
axbvoepbdc.mp4,0.95
axfhbpkdlc.mp4,0.95
axzjovaktp.mp4,0.95
aylqthgnhe.mp4,0.06812956929206848
aymlynzeni.mp4,0.95
baiyzipjbr.mp4,0.906361997127533
bbnesewcot.mp4,0.95
bbxqtnztyy.mp4,0.95
bdnoxibdvz.mp4,0.95
bemkbovwsz.mp4,0.95
bfktkdugru.mp4,0.9365254044532776
bhvnfaylpk.mp4,0.95
biatmogsbv.mp4,0.95
bihlajjbnl.mp4,0.06939435005187988
birmbtezni.mp4,0.95
bjxasekfcx.mp4,0.95
bkcztuqxbp.mp4,0.05
bldeizqycp.mp4,0.95
blwvnvsbmz.mp4,0.05
bmfkkzheii.mp4,0.95
bmhghysucl.mp4,0.95
bnitzihcqs.mp4,0.95
bobihhgccf.mp4,0.95
bpguesjrfa.mp4,0.05
bqamrsyvnf.mp4,0.95
bqefygjsnx.mp4,0.95
bqvhlqlrba.mp4,0.95
brihlutndc.mp4,0.06859070062637329
brpkkgdggv.mp4,0.95
brtujopkby.mp4,0.95
btizoxwqwp.mp4,0.95
btyxvpjgcc.mp4,0.5532405376434326
buzdtxdyid.mp4,0.95
bwjqcwhpfr.mp4,0.95
bwlxucgxro.mp4,0.95
bwsytelwkm.mp4,0.05
bxdhnnffvw.mp4,0.95
bxgbpdjgjv.mp4,0.8956408500671387
bxooifrfzo.mp4,0.95
bykgnyykta.mp4,0.95
bytfrsxnwi.mp4,0.95
bztdemptfg.mp4,0.8866941332817078
bzvzpwrabw.mp4,0.95
bzxauvpscl.mp4,0.95
bzyawroeif.mp4,0.95
calhtslbzf.mp4,0.95
cbybbxuusl.mp4,0.05
cbzxykepbl.mp4,0.95
ccjiwxnihq.mp4,0.95
ccrrlidqnp.mp4,0.95
cdcdoqbdmi.mp4,0.95
cdyotmvujc.mp4,0.95
cefpmcqwex.mp4,0.7812818288803101
cemftmsxis.mp4,0.95
cerwqpmouj.mp4,0.95
cfhejdmemu.mp4,0.95
cfyayetydv.mp4,0.8972930908203125
chqqxfuuzi.mp4,0.05
chzqptmqxv.mp4,0.9479964375495911
citnmpozjl.mp4,0.95
cjhwsuzeuz.mp4,0.95
cjndhcclqi.mp4,0.8835650682449341
cjxbcxpbqi.mp4,0.95
ckfqqhpbph.mp4,0.95
clpvgmopjx.mp4,0.95
clzkcmoyhb.mp4,0.95
cmoizyxqcc.mp4,0.7945828437805176
cmvymfbmlb.mp4,0.05
cogcvbbjcm.mp4,0.95
coujjnypba.mp4,0.95
cqbhgsmffd.mp4,0.95
cqhwesrciw.mp4,0.05
cqomufbzpp.mp4,0.95
cqpdqjzgcs.mp4,0.95
cqroxivqio.mp4,0.938749372959137
cqtxrekabh.mp4,0.95
crflaflooj.mp4,0.95
crwzrpozbv.mp4,0.95
csofafwrts.mp4,0.95
csqojsqtgn.mp4,0.7925036549568176
cthdrbnhpo.mp4,0.95
ctooqkhtgp.mp4,0.95
ctzgudcdyu.mp4,0.95
culaevxduf.mp4,0.95
cvboojbsxa.mp4,0.95
cvdrzlkwdf.mp4,0.8652421236038208
cvmcvcqpgn.mp4,0.95
cvqyddpcxj.mp4,0.95
cvycgtwfsi.mp4,0.95
cwqycdjevy.mp4,0.95
cwvpcctjgs.mp4,0.95
cxgieqcozm.mp4,0.7934143543243408
cxgsjamupo.mp4,0.5379106998443604
cxjtjcinqt.mp4,0.95
cybnhobdyh.mp4,0.06859617680311203
cygixvotoj.mp4,0.95
cyhxxnezbo.mp4,0.9172285199165344
cyifdylbln.mp4,0.95
cythdgxpdi.mp4,0.05
dabysiasvf.mp4,0.95
dahvuijxob.mp4,0.95
dbgztzhbhb.mp4,0.8935112953186035
dbhthsgych.mp4,0.95
dcwnkxrsgg.mp4,0.95
ddqtkrkmjn.mp4,0.95
ddtbarpcgo.mp4,0.6818620562553406
demuhxssgl.mp4,0.8909281492233276
dfcoyuhhex.mp4,0.6012651920318604
dflpzzixje.mp4,0.898712694644928
dghhdvdzrb.mp4,0.95
dgyeaodnzw.mp4,0.95
dhjnjkzuhq.mp4,0.1494840383529663
dhyybsrvwc.mp4,0.95
dibwmyrpql.mp4,0.95
didzujjhtg.mp4,0.08436108380556107
dilfhyevdv.mp4,0.95
djgbahezbh.mp4,0.95
dkenctaoes.mp4,0.95
dkojxwpvza.mp4,0.05
dlfuxshert.mp4,0.6010953783988953
dlpaibcwsy.mp4,0.05
dlrcprykef.mp4,0.95
dlybulufda.mp4,0.95
dmirtsrziw.mp4,0.95
doiljuhamq.mp4,0.95
dolynaukae.mp4,0.95
doniqevxeg.mp4,0.05
dootttqtvv.mp4,0.95
dpevefkefv.mp4,0.05
dqlmffnywx.mp4,0.95
drjwafunon.mp4,0.95
drlkcilgmc.mp4,0.95
drmtvuyoam.mp4,0.781232476234436
drooaxkvib.mp4,0.95
dsgswagtvp.mp4,0.05
dsiirbwwyt.mp4,0.95
dsvopuhqiz.mp4,0.9467228651046753
dtfyluocuh.mp4,0.95
dtjcyzgdts.mp4,0.95
dtmlspmqqp.mp4,0.95
dtwxxkuvox.mp4,0.95
dtwzjhoizi.mp4,0.95
duciovvndy.mp4,0.9349050521850586
duczhwighk.mp4,0.95
dvrnrzlqdo.mp4,0.95
dwkkqhxclz.mp4,0.95
dxdzrfikon.mp4,0.05
dxfdovivlw.mp4,0.8590825796127319
dxrqdhegop.mp4,0.95
dyjklprkoc.mp4,0.95
dypesfpwyi.mp4,0.95
dywronddes.mp4,0.95
dzlpfpszyv.mp4,0.95
dzpokpqpxr.mp4,0.9220941662788391
ealulizawd.mp4,0.95
eauhakbohz.mp4,0.95
ebzsqgfpgh.mp4,0.95
echdilwfig.mp4,0.95
eckloytegm.mp4,0.95
ecnmwevrxo.mp4,0.95
edqhdckynd.mp4,0.9462552070617676
eefzpdrrji.mp4,0.95
efktbhpilh.mp4,0.95
ehfmarmsvo.mp4,0.95
eilfbdisof.mp4,0.95
eisofhptvk.mp4,0.95
eiwtggvtfp.mp4,0.09019774198532104
ejhhdlzpjg.mp4,0.95
ekkheaisuo.mp4,0.07102570682764053
elxflqcpgp.mp4,0.95
embmaestpq.mp4,0.95
eneofiltbk.mp4,0.8697436451911926
enhiqdvfpu.mp4,0.95
enqxsifggs.mp4,0.95
eowsoapzuj.mp4,0.95
epeyujjlhn.mp4,0.95
eppmwpntfi.mp4,0.95
eppyqpgewp.mp4,0.27044209837913513
epwesrdmpt.mp4,0.05
eqakbrnwmd.mp4,0.95
erbfxwbqic.mp4,0.05
erbgcpjuzj.mp4,0.95
ernfzaruwz.mp4,0.95
escwylyxap.mp4,0.95
esjdyghhog.mp4,0.95
espkiocpxq.mp4,0.95
etdliwticv.mp4,0.95
etychryvty.mp4,0.8230494260787964
euavjxseoz.mp4,0.6014885306358337
eugcprxhvd.mp4,0.95
eurhttghny.mp4,0.95
euzlhrwolz.mp4,0.95
ewknjjmzqb.mp4,0.95
exseruhiuk.mp4,0.05
exxqlfpnbz.mp4,0.05499434098601341
eyyigsrqff.mp4,0.95
ezzfdnllnp.mp4,0.95
fahrejqccb.mp4,0.95
faktmhmtpb.mp4,0.95
fbgfjwjrzl.mp4,0.95
fbxpssbrqp.mp4,0.95
fckxaqjbxk.mp4,0.95
fdpisghkmd.mp4,0.05
fdqafjiqtn.mp4,0.95
fdzrcjpewd.mp4,0.95
fecaapkwdm.mp4,0.95
fedcdqtboz.mp4,0.95
fgbopxbkam.mp4,0.95
fgobmbcami.mp4,0.95
fhgnmqzfca.mp4,0.95
fhtmnfeqft.mp4,0.95
fhzdtfiqrh.mp4,0.05
fjafyicjlw.mp4,0.95
fjrueenjyp.mp4,0.95
flilazlokf.mp4,0.95
fmeptfderu.mp4,0.95
fnkkqtouoz.mp4,0.95
fnslimfagb.mp4,0.19096870720386505
fokjbuazgr.mp4,0.9280622601509094
fonrexmbzz.mp4,0.95
fopjiyxiqd.mp4,0.05
fpcncmwzxf.mp4,0.05
fqmfvshgns.mp4,0.95
frmzkdhkzw.mp4,0.95
frqhofmoob.mp4,0.95
frsjawvaoq.mp4,0.95
fsaronfupy.mp4,0.05
fsdrwikhge.mp4,0.05
fsiunpwpqx.mp4,0.95
fswszwicfw.mp4,0.05
fufcmupzen.mp4,0.10437745600938797
fuiglusbnl.mp4,0.95
furvgnwfln.mp4,0.95
fuzdxjsqvp.mp4,0.95
fxredodlkl.mp4,0.05
fxuxxtryjn.mp4,0.95
fybkxkgstv.mp4,0.05
fydhhlvjsj.mp4,0.95
fyrckgsqvg.mp4,0.95
fzkzqwoghs.mp4,0.6004725694656372
fzqnoyzhbm.mp4,0.95
fzvpbrzssi.mp4,0.835658073425293
gbatfzbsjs.mp4,0.95
gbgtzspdnv.mp4,0.95
gccnvdoknm.mp4,0.95
gcdtglsoqj.mp4,0.8149759769439697
gcnhqdxwqd.mp4,0.95
gcphojsohr.mp4,0.05
gczieafvpe.mp4,0.95
gecrjewspu.mp4,0.95
geknowufwz.mp4,0.95
gepzcywmsx.mp4,0.8994669318199158
getmctvhmd.mp4,0.95
gfcycflhbo.mp4,0.95
gfdjzwnpyp.mp4,0.95
gfkdvulbfo.mp4,0.9001001715660095
gfknvvudwk.mp4,0.95
gfncmhgdio.mp4,0.95
gfoozygynw.mp4,0.95
gilzdnbpep.mp4,0.95
gjiziopvis.mp4,0.95
gjjpzsgigh.mp4,0.95
gjxfowkaeo.mp4,0.95
gkicllwmyb.mp4,0.95
gkqitjodaa.mp4,0.95
gldlvkplzy.mp4,0.95
gmaghrdamw.mp4,0.95
gmctmgmyob.mp4,0.95
gmonvwaujc.mp4,0.95
gnlvnyrpfq.mp4,0.05
gnmmhlbzge.mp4,0.8525621294975281
gnslnjrgnx.mp4,0.0689643919467926
gnxgiwcknq.mp4,0.06896811723709106
gnxlbuwucy.mp4,0.95
gohsbddbhu.mp4,0.95
goxbkycgkg.mp4,0.95
goyrhrvden.mp4,0.95
gozbrlxguv.mp4,0.95
gpjhljtyoq.mp4,0.95
gpskwigkxd.mp4,0.05
gpzwvdkuie.mp4,0.95
gqnaxievjx.mp4,0.05
gqnkarjtmh.mp4,0.95
grqyyhfexr.mp4,0.05
gtdjfweoyr.mp4,0.95
gtfwzfrxml.mp4,0.8807270526885986
gtinxlhder.mp4,0.06952447444200516
gudedkpnie.mp4,0.95
gujnhuvarb.mp4,0.95
gumgvhycum.mp4,0.9312799572944641
guqayoypew.mp4,0.95
gvasarkpfh.mp4,0.28724491596221924
gvbcwuyaot.mp4,0.95
gvcrwbnzpa.mp4,0.95
gvlraqlweh.mp4,0.95
gwsmeakcic.mp4,0.95
gwzfugbidx.mp4,0.95
gxonqiyzpk.mp4,0.95
gxzdueambi.mp4,0.05
gyosvoeamf.mp4,0.95
gyrdgpiygb.mp4,0.95
gzkggvloao.mp4,0.95
hasjjkoygr.mp4,0.05
haxnhfvqvs.mp4,0.95
hbdvyzpqny.mp4,0.95
hbtcuqhwyy.mp4,0.95
hcanfkwivl.mp4,0.95
hclsparpth.mp4,0.95
hcqxrwzgxt.mp4,0.95
hdgfgvcoqk.mp4,0.95
hdytjaiglk.mp4,0.95
hectzcuzdv.mp4,0.05
hefisnapds.mp4,0.95
heiyoojifp.mp4,0.4191448390483856
hfeacozznh.mp4,0.95
hgjdosshpt.mp4,0.95
hhddxuhorq.mp4,0.9120633006095886
hhyxweyjlt.mp4,0.95
hicjuubiau.mp4,0.5426967144012451
hitfycdavv.mp4,0.6020005345344543
hivnldfvyl.mp4,0.31359514594078064
hjddjiqcpb.mp4,0.95
hjxckindzx.mp4,0.95
hkvcbcfulf.mp4,0.9150941371917725
hldhchyhfg.mp4,0.05
hnalkvbcim.mp4,0.95
horutnradk.mp4,0.95
hphiyksrth.mp4,0.95
hplxtssgnz.mp4,0.05
hpwdlgshqg.mp4,0.05
hqcrauawma.mp4,0.95
hqxfenmiis.mp4,0.95
hqzwudvhih.mp4,0.95
hrbkraauwx.mp4,0.95
hrovzkcyjw.mp4,0.95
hsbljbsgxr.mp4,0.95
hsbrwaeaah.mp4,0.05098951980471611
hsbwhlolsn.mp4,0.05
hsosrxlnzk.mp4,0.95
hsvbimzuza.mp4,0.95
hsxrmrcaqh.mp4,0.95
hthuorhwdn.mp4,0.95
htorvhbcae.mp4,0.95
hurcutcxpb.mp4,0.05
huznbaakma.mp4,0.95
hvlqewtbbf.mp4,0.95
hvqfhieetb.mp4,0.95
hwcnsgqzld.mp4,0.95
hwibtynenh.mp4,0.95
hwtupajxgl.mp4,0.95
hyjqolupxn.mp4,0.06900061666965485
hzmppzxsuy.mp4,0.95
iafvzgpbix.mp4,0.95
iagkfqsiqf.mp4,0.05
iazovjywij.mp4,0.95
ibjomudxdp.mp4,0.95
idczhqbbqz.mp4,0.95
idmruoiylw.mp4,0.95
idsupeszcp.mp4,0.95
ielrrtwsdr.mp4,0.05
iffvaaswwj.mp4,0.95
ifjzcxxvcd.mp4,0.95
iftluclqfd.mp4,0.9473007917404175
ihnhxathkq.mp4,0.95
ihrjvevuce.mp4,0.95
iimnvjpgoy.mp4,0.95
ijehzkozkp.mp4,0.95
ijgcwhjkua.mp4,0.95
ikjlhrwzeo.mp4,0.95
ikpyxzpiiv.mp4,0.868718147277832
ilflslfgbn.mp4,0.95
imndwwlfui.mp4,0.95
inwiunnxmr.mp4,0.05
inxftbkcqq.mp4,0.95
inzrlbgtul.mp4,0.95
iocjgjemeb.mp4,0.95
iodwjkqblp.mp4,0.95
iojmxrzvxe.mp4,0.95
ioolqahamw.mp4,0.05
iorrnxiyyo.mp4,0.95
irlgidcrvj.mp4,0.95
isgjlgucub.mp4,0.95
itfsvvmslp.mp4,0.95
itwvssoevj.mp4,0.95
iugnysiwao.mp4,0.95
iurmztyqed.mp4,0.95
ivdlxktqvk.mp4,0.05
ivtbbwejej.mp4,0.95
iwswulwtjp.mp4,0.95
iwtjnrbcbb.mp4,0.95
iyhkhsdhma.mp4,0.95
iyhzzwoqmi.mp4,0.95
iyswglziib.mp4,0.95
izjvqhjokl.mp4,0.95
jakregbmuf.mp4,0.8814430236816406
jaurxwocly.mp4,0.8433047533035278
jawgcggquk.mp4,0.3818739652633667
jbwtvoixgc.mp4,0.0694548487663269
jbxjvkdnci.mp4,0.9108342528343201
jbxviammiv.mp4,0.05
jccvzepxjn.mp4,0.95
jdfaxqtpjk.mp4,0.95
jdkvgcjxje.mp4,0.95
jdzgjbqksy.mp4,0.95
jeblbsmlij.mp4,0.95
jeosukfzow.mp4,0.95
jfvsrcfame.mp4,0.95
jgdzqmqalr.mp4,0.95
jgybxxtltz.mp4,0.95
jgzwhkcrcc.mp4,0.95
jhczqfefgw.mp4,0.05
jhetgmikln.mp4,0.95
jinomojicv.mp4,0.95
jjguwagxur.mp4,0.95
jjxzidyitl.mp4,0.05
jkfoehpdnd.mp4,0.95
jkqivqkrnc.mp4,0.95
jkxjvuioek.mp4,0.9460132718086243
jmcryhnksj.mp4,0.95
jmhqbsgzrg.mp4,0.6022648811340332
jmkjrabiak.mp4,0.95
jmkqtjuuqu.mp4,0.95
jorfifqxhq.mp4,0.05
jphmkhpoeb.mp4,0.5
jppzzcldui.mp4,0.95
jqlsethxvz.mp4,0.95
jquevmhdvc.mp4,0.95
jqypqwufdv.mp4,0.6016878485679626
jranrlmuyk.mp4,0.95
jrgfabamaa.mp4,0.95
jsbpkpxwew.mp4,0.95
jstwvimaml.mp4,0.95
jtpupxzgoa.mp4,0.95
jtrbieopvk.mp4,0.95
juzjntqofi.mp4,0.95
jvadnjprqn.mp4,0.6054702997207642
jvtjxreizj.mp4,0.9469200372695923
jwkgjrmfxp.mp4,0.95
jxlhrgwjdt.mp4,0.95
jxqibxwhlc.mp4,0.05
jxvoarslil.mp4,0.05
jytrvwlewz.mp4,0.8964553475379944
jzupayeuln.mp4,0.219610333442688
kadzgvxsii.mp4,0.95
kafmsctues.mp4,0.95
kajzbtxqdk.mp4,0.95
kanuhxwqaa.mp4,0.95
kbssbcdcxx.mp4,0.95
kcidxranvr.mp4,0.95
kdiokpezzi.mp4,0.95
kdycxkmnnw.mp4,0.95
kdzirwrnyk.mp4,0.95
kedahvzait.mp4,0.95
keuvybqsbr.mp4,0.95
kezvvweubg.mp4,0.95
kfbdnasciu.mp4,0.95
kfgdvqjuzu.mp4,0.95
kfhmhoxjtx.mp4,0.95
kfnrvxndoj.mp4,0.05
kgcbejdwal.mp4,0.95
kgfcupxgur.mp4,0.9008697867393494
khfyqlxazq.mp4,0.95
khtwrijuqn.mp4,0.7857681512832642
kihrpdtbwy.mp4,0.05
kiswvzlayw.mp4,0.6009811758995056
kiyuduxzuc.mp4,0.95
kjpxvgjsal.mp4,0.95
kjwnylvwuo.mp4,0.95
kjzyrkhnaf.mp4,0.95
kkemhrscxz.mp4,0.95
kkhrtmftlq.mp4,0.95
kkxgqvpusd.mp4,0.95
kmcdjxmnoa.mp4,0.9474838972091675
kmhiqddyhh.mp4,0.95
knxltsvzyu.mp4,0.6857416033744812
komngcqveq.mp4,0.95
koxwykmawn.mp4,0.95
kpdsblcqvg.mp4,0.95
kpmieleslf.mp4,0.95
kpwwhpqfkx.mp4,0.95
kqlvggiqee.mp4,0.7463348507881165
kqsjsvinkd.mp4,0.95
kquembvlju.mp4,0.95
ksjpgrujqv.mp4,0.95
kssjbbrmem.mp4,0.95
kstmekinaw.mp4,0.95
ktrleojxlf.mp4,0.95
ktvvpqqupl.mp4,0.95
ktwfxtzjbn.mp4,0.8972536325454712
kujvvxpted.mp4,0.95
kxhwssipyi.mp4,0.9427260160446167
kxzgidrqse.mp4,0.95
kzezrsewki.mp4,0.95
laarpodtry.mp4,0.95
laojqujlsg.mp4,0.95
lbapaexcrc.mp4,0.95
lbfqksftuo.mp4,0.95
lbiprboxjx.mp4,0.95
lbjyragfls.mp4,0.95
lblzsydwit.mp4,0.95
lbsltufgrh.mp4,0.95
lbuwogzooa.mp4,0.95
lbwzzntrcc.mp4,0.95
lbxbstcwwl.mp4,0.95
lclrhuuwnj.mp4,0.95
lcndemqsox.mp4,0.95
lcqguoqxrb.mp4,0.6010830998420715
lcyjrsfrfx.mp4,0.06810829043388367
ldpfwhrhcx.mp4,0.95
ldtgofdaqg.mp4,0.4773077368736267
lebzjtusnr.mp4,0.95
lgkakqesov.mp4,0.95
lgqlkfrnuc.mp4,0.95
lhipivaobq.mp4,0.6011164784431458
lifgmjcybk.mp4,0.95
liheortwbu.mp4,0.05
liuujwwgpr.mp4,0.9159064292907715
ljenlvwnlm.mp4,0.95
ljkjnwrzxv.mp4,0.95
ljuuovfkgi.mp4,0.6772701740264893
ljxpqhvydy.mp4,0.8761794567108154
lkdqvgrmzh.mp4,0.95
llgpkbhorg.mp4,0.95
lljlzhmrhp.mp4,0.95
llkhptusjn.mp4,0.95
llseqxuobs.mp4,0.95
lmhkuaobue.mp4,0.95
lmjzfqizks.mp4,0.95
lmpfbmeade.mp4,0.95
lncevtcwya.mp4,0.95
lnhkjhyhvw.mp4,0.18423686921596527
lnjkpdviqb.mp4,0.6448359489440918
lobxktzhbg.mp4,0.95
loiajhczyc.mp4,0.05
lokzwdldxp.mp4,0.08173797279596329
louyyobufp.mp4,0.95
lptoozyjas.mp4,0.95
lrdnmalbhr.mp4,0.05
lrjxcwrzls.mp4,0.95
lrpjtzwsdt.mp4,0.05
lsadkstabm.mp4,0.05
lslmnvlhhe.mp4,0.6010196208953857
lsmnqsnqld.mp4,0.08717101812362671
ltqghwybkf.mp4,0.95
ludeqgyyct.mp4,0.05
lugcggbehx.mp4,0.95
lustdsegqq.mp4,0.95
lvuvvfmmli.mp4,0.05
lwjrmxvvag.mp4,0.95
lwqkgvyeas.mp4,0.6011285185813904
lwtgwggkpb.mp4,0.95
lxnqzocgaq.mp4,0.95
lydmxmeegq.mp4,0.95
lzbmwwejxb.mp4,0.5727744102478027
lzertxjdds.mp4,0.95
lznkdhgwms.mp4,0.95
mauhkjfaww.mp4,0.95
maxybxfgts.mp4,0.95
mcbubknuyd.mp4,0.95
mcjvcndrey.mp4,0.05
mcllgspbtl.mp4,0.95
mdahmdjnkk.mp4,0.9385324716567993
mdihiuwzea.mp4,0.95
meehftqexr.mp4,0.95
meiyjcknbl.mp4,0.95
mfgswvvnba.mp4,0.95
mfkzoapcqm.mp4,0.95
mfnsxrdygp.mp4,0.95
mfodqgnnav.mp4,0.95
mfvqmuulak.mp4,0.6009059548377991
miiocrddnj.mp4,0.95
miusulscga.mp4,0.8118287920951843
mkblttkrmq.mp4,0.95
mkphymhgbd.mp4,0.95
mlruidevki.mp4,0.95
mmhrkzptld.mp4,0.95
mmuolksboc.mp4,0.05
mnnxgycfik.mp4,0.95
mnqxygpnmf.mp4,0.05
mnvyuokhem.mp4,0.95
moerpiyczb.mp4,0.0686294212937355
mordcwbchi.mp4,0.95
mphsgertmm.mp4,0.95
mpivbgsohk.mp4,0.6008897423744202
mpuugiqewv.mp4,0.05
mqmgqlbzct.mp4,0.95
mqukycwlwj.mp4,0.95
mrhajrsgxh.mp4,0.95
mrovsdlffg.mp4,0.6014371514320374
msfhpjlxya.mp4,0.6016542911529541
msfssnmldu.mp4,0.95
msoqnkucal.mp4,0.95
mszblrdprw.mp4,0.95
mtfhqqlkgs.mp4,0.95
muhgixhdmd.mp4,0.95
muksyyltmg.mp4,0.05
mvnahpueuk.mp4,0.95
mvvrdfleux.mp4,0.601549506187439
mwjnvqeyqp.mp4,0.95
mwrblsiixn.mp4,0.95
mxibogtmey.mp4,0.95
mynzuyrmdy.mp4,0.95
myoydssaii.mp4,0.95
myszscymzv.mp4,0.95
mywukrvlwr.mp4,0.95
mzwfaambxx.mp4,0.05
mzxtrdcccw.mp4,0.95
nadprinqny.mp4,0.95
nbibouebku.mp4,0.95
nbjwcgpeoi.mp4,0.07093601673841476
nbypuhsjwp.mp4,0.95
ncoeewrdlo.mp4,0.95
ncqjcvgayx.mp4,0.05
ndfwdmawcv.mp4,0.95
ndonldsrsr.mp4,0.9173412919044495
ndrnxgzlmn.mp4,0.95
neklzzpkyo.mp4,0.95
nfggixifqp.mp4,0.95
nflbwkeqpz.mp4,0.95
nglitpseyp.mp4,0.95
ngnoguzzkd.mp4,0.95
ngvcqxjhyb.mp4,0.14281997084617615
ngyoubuxyf.mp4,0.95
nhsijqpoda.mp4,0.07812967896461487
nhsqkozagd.mp4,0.95
nimfdfkezw.mp4,0.95
nixohljfqx.mp4,0.95
nkojmntmdg.mp4,0.9066202044487
nlurbvsozt.mp4,0.95
nmgnxptofk.mp4,0.9300742745399475
noavesktql.mp4,0.05
nokldtllhe.mp4,0.95
nombfkmhum.mp4,0.95
nphtrwjtff.mp4,0.95
npneqyjgiq.mp4,0.95
nqfpecqeab.mp4,0.95
nqrcttpsme.mp4,0.95
nrdnytturz.mp4,0.95
nrnklcxdzq.mp4,0.5323405861854553
nrrselamng.mp4,0.95
nsccdwwlsc.mp4,0.0684010311961174
nsifmpyfnq.mp4,0.95
nslhmkeicc.mp4,0.06939410418272018
nswlwuzzda.mp4,0.95
ntkrwyqoop.mp4,0.05
ntpmamjdyk.mp4,0.95
ntpvqwgmqe.mp4,0.05
nwdhwzcpoi.mp4,0.95
nweufafotd.mp4,0.16085144877433777
nwtdlrhqtf.mp4,0.95
nwvloufjty.mp4,0.95
nwypeqqonh.mp4,0.95
nxbmkntfzt.mp4,0.95
nxnelrhins.mp4,0.95
nxzgekegsp.mp4,0.95
nxzpmygaut.mp4,0.95
nyknlonjxq.mp4,0.95
nyxrmccdss.mp4,0.9268250465393066
nzeqbdtlla.mp4,0.95
nzuvtbkmye.mp4,0.95
oakntpdygb.mp4,0.95
oamtblkzpt.mp4,0.95
oaruliortd.mp4,0.06853228062391281
obpxzorkar.mp4,0.95
obttmvmtvi.mp4,0.95
occttwpuuq.mp4,0.06905438005924225
ocveomkblt.mp4,0.95
odxetivvot.mp4,0.95
oejlipxtai.mp4,0.95
ofquuujxmu.mp4,0.05
ogrzmxwtom.mp4,0.9278382062911987
ohaqlzfnuv.mp4,0.95
ohwwmrnowu.mp4,0.95
oibtsgqujh.mp4,0.95
ojayvjcdna.mp4,0.95
ojsxxkalat.mp4,0.05
olmndbetml.mp4,0.95
omfsuzvgxn.mp4,0.95
omizcfnsic.mp4,0.95
omrtielsni.mp4,0.05
onbgbghesu.mp4,0.5557402968406677
onepaeivvr.mp4,0.05
onknhowfqb.mp4,0.95
oobmorozgk.mp4,0.95
ookwdfuxzy.mp4,0.95
oolnekhvhx.mp4,0.95
oopzotineh.mp4,0.95
opsjddoxui.mp4,0.06920632719993591
opvqdabdap.mp4,0.95
oqhqvsiyaz.mp4,0.95
oqnpzvjsac.mp4,0.9101418256759644
osaesqnzgw.mp4,0.9257847666740417
osmnegfehr.mp4,0.6120378971099854
ougeeoojhh.mp4,0.95
ouxixrpsnd.mp4,0.95
ovynyicanw.mp4,0.95
ovzegelwbu.mp4,0.95
owxbbpjpch.mp4,0.05
oxljjggptm.mp4,0.95
oxthhmwxnz.mp4,0.95
oxwglsatdl.mp4,0.95
oykagryjjd.mp4,0.9278781414031982
oykwlqtcmj.mp4,0.95
oypqzdrhcr.mp4,0.95
oyqgwjdwaj.mp4,0.05
ozeqabydww.mp4,0.05
ozqysilrin.mp4,0.8247897624969482
padqtwbzzo.mp4,0.05
pbvgwcwzkg.mp4,0.95
pbwkrxzgkd.mp4,0.95
pceaundfcd.mp4,0.9441010355949402
pcegaugmyi.mp4,0.06938552111387253
pcwavxhyrj.mp4,0.05
pdouadxxba.mp4,0.9299994111061096
pelmgfqkmh.mp4,0.95
pemiibmvkj.mp4,0.95
pepaibwxnd.mp4,0.06451240181922913
petmyhjclt.mp4,0.95
pfhmcogosi.mp4,0.95
pframtxswx.mp4,0.95
pftrwqispi.mp4,0.95
pfvbpqjaxg.mp4,0.95
pgehjsocyc.mp4,0.95
pglroykzea.mp4,0.890943169593811
pgzduygsyr.mp4,0.95
phjlaexgcl.mp4,0.05
phunswkrpy.mp4,0.95
pilxtozlrg.mp4,0.95
pjkgenkrgb.mp4,0.95
pjkmbiofvd.mp4,0.95
pjqxxtafix.mp4,0.95
pkkmysbvfh.mp4,0.95
pkkvvhnrla.mp4,0.95
pktyfrvywo.mp4,0.95
pllpxvzpok.mp4,0.05
pmmhsciico.mp4,0.95
pmsjopmocd.mp4,0.95
poxhzrfhha.mp4,0.95
ppmvktsmkc.mp4,0.95
pqavaksffx.mp4,0.95
pqdeutauqc.mp4,0.4971243143081665
pqexbhcasg.mp4,0.95
pqjlbhkhzr.mp4,0.95
prcndkhjfm.mp4,0.95
prdrkaxeob.mp4,0.07329224050045013
prhmixykhr.mp4,0.95
prmwoaeeng.mp4,0.23974168300628662
psjfwjzrrh.mp4,0.2831489145755768
ptgpqdnxtd.mp4,0.95
pthbuiuswl.mp4,0.95
ptpusmxreb.mp4,0.95
pvevprrtnu.mp4,0.05
pvlbqbyxxi.mp4,0.95
pxgzahcusu.mp4,0.95
pyujkxwaks.mp4,0.95
pzdfwdnmyx.mp4,0.95
pzqxrczvxb.mp4,0.95
pzzuimgwei.mp4,0.95
qarqtkvgby.mp4,0.05
qcinzstvzy.mp4,0.95
qcjwsygnxe.mp4,0.95
qcnsahyrvi.mp4,0.7076967358589172
qcsuzqqohv.mp4,0.9488420486450195
qcxkxcemcb.mp4,0.95
qdfoiguwaf.mp4,0.95
qdqdsaiitt.mp4,0.9349155426025391
qdrjugpyhy.mp4,0.95
qfgxitlutn.mp4,0.95
qhmkklxqlw.mp4,0.95
qhsehzgxqj.mp4,0.9280627369880676
qhugrooovy.mp4,0.7306249141693115
qjeidqbpgj.mp4,0.05
qjpugmbxhb.mp4,0.95
qjsroipniu.mp4,0.95
qjvjkojjkl.mp4,0.95
qjwomijmcb.mp4,0.95
qjzzeyijyv.mp4,0.95
qkzabeimvu.mp4,0.95
qloyrbpobv.mp4,0.95
qlueobbhbc.mp4,0.8730980157852173
qmmzklpowl.mp4,0.95
qnghrfvbgb.mp4,0.95
qnlyrlrnmn.mp4,0.05
qnxnrzonvv.mp4,0.95
qodykiwotk.mp4,0.95
qowkhqmzam.mp4,0.95
qpobbumrhm.mp4,0.95
qqontzpfxr.mp4,0.05
qrgrezupjj.mp4,0.95
qrkjzekzkc.mp4,0.95
qrogkembje.mp4,0.95
qrxgkksxfu.mp4,0.95
qsyahidemw.mp4,0.05
queqdqiqwj.mp4,0.95
qusnfjluuh.mp4,0.06938984245061874
qvebuvzhcs.mp4,0.95
qweikxnvyq.mp4,0.95
qwocosaxwe.mp4,0.95
qwvxbksoeo.mp4,0.05
qydhcvvjys.mp4,0.95
qypedtpatd.mp4,0.05
qyqufaskjs.mp4,0.05
qzchhaoptt.mp4,0.05
ratscdfvdk.mp4,0.95
rdbxcbseek.mp4,0.95
rdiogxmrwa.mp4,0.95
rdkqpgajlg.mp4,0.95
rdqanntvqj.mp4,0.95
rfcgheaqwm.mp4,0.95
rfeagdwnnn.mp4,0.95
rfjuhbnlro.mp4,0.8828476071357727
rfpjsloxzg.mp4,0.8923010230064392
rhvsxaewcr.mp4,0.05
ridiczlgdt.mp4,0.95
ridrlfphki.mp4,0.95
rixpoeqiaq.mp4,0.95
rjmxcwolhm.mp4,0.95
rjwftlbrfh.mp4,0.95
rktrpsdlci.mp4,0.8808192014694214
rlffjkxsqq.mp4,0.95
rmchuqjjwr.mp4,0.95
rmmcypdfbr.mp4,0.95
rmplscucbt.mp4,0.95
rmufsuogzn.mp4,0.5528138875961304
rmuxlgsedw.mp4,0.14211837947368622
rmvhavnlme.mp4,0.95
rndcqgjrqk.mp4,0.95
rndxzqfjfk.mp4,0.95
rnfvcslcmf.mp4,0.05
rnpefxwptv.mp4,0.5711855888366699
rnxnytbudq.mp4,0.05
rokgoeaybe.mp4,0.05
romzqwhhlb.mp4,0.95
roqbnlondz.mp4,0.95
roqyiqgwzd.mp4,0.9410429000854492
rpanzyxdwh.mp4,0.95
rpnetwqgqz.mp4,0.8867026567459106
rptqbxpesg.mp4,0.9132483601570129
rpxnyljmsf.mp4,0.95
rqlpmeyhqh.mp4,0.9455127716064453
rqsjnyjukt.mp4,0.06850998103618622
rrdamrrple.mp4,0.95
rthtvpztdu.mp4,0.95
rtkhyvbcjg.mp4,0.05
rtpbawlmxr.mp4,0.95
rtwlskwxqy.mp4,0.95
rujcwrjwhf.mp4,0.95
runmncglnj.mp4,0.95
ruvadafqri.mp4,0.06830953061580658
rvaliysfnr.mp4,0.95
rwkfxxgkrh.mp4,0.95
rxicpvwbdn.mp4,0.95
rxjcinqyqd.mp4,0.95
rxpwfcsqum.mp4,0.95
rxwqoruisz.mp4,0.9352784752845764
ryccazlbju.mp4,0.95
safmejeucy.mp4,0.95
sakziaduuh.mp4,0.95
sbgajsyted.mp4,0.95
scpglaliyh.mp4,0.6010981202125549
scrbqgpvzz.mp4,0.95
scssmbfchs.mp4,0.95
scxgpnknil.mp4,0.95
scyowrqkep.mp4,0.95
sdorhlibip.mp4,0.95
sdzzzxteas.mp4,0.95
sentzzguhv.mp4,0.95
sfbnrbvbpn.mp4,0.05
sfjtewgmuy.mp4,0.95
sgdiraogcc.mp4,0.95
sglzgdcjkb.mp4,0.95
sgyrvomqcf.mp4,0.95
sgyztejbsh.mp4,0.95
shnsajrsow.mp4,0.6016771793365479
sijzcbwppo.mp4,0.95
sjwedraykt.mp4,0.8112403154373169
sjwywglgym.mp4,0.95
skewcclbhg.mp4,0.05
skrpivsmry.mp4,0.9471514821052551
slayysqett.mp4,0.95
slhinthqcq.mp4,0.8464633226394653
slkqbehdcq.mp4,0.95
slvtfdxsmd.mp4,0.95
smxqivzwed.mp4,0.95
smxxhrcwlv.mp4,0.49674665927886963
snjzgkxvym.mp4,0.95
snlyjbnpgw.mp4,0.9008431434631348
sochqsfsow.mp4,0.95
sphirandia.mp4,0.95
sqbyylskze.mp4,0.95
sqfzwnkpph.mp4,0.95
srfefmyjvt.mp4,0.8599480390548706
srnseorykn.mp4,0.05
ssitlrruir.mp4,0.95
steqjxorfa.mp4,0.95
stgusxhcta.mp4,0.95
sttnfyptum.mp4,0.09324231743812561
sufvvwmbha.mp4,0.95
surcmsyrlz.mp4,0.95
svtocotxob.mp4,0.95
swsaoktwgi.mp4,0.95
sxyrkshzsg.mp4,0.95
sylnrepacf.mp4,0.8700196146965027
syuxttuyhm.mp4,0.7342458963394165
syxobtuucp.mp4,0.4981066882610321
szulggywzw.mp4,0.95
taagzkcswj.mp4,0.05
tafsqvrhuv.mp4,0.95
tamvgvhhbr.mp4,0.95
tbujzmjpsl.mp4,0.95
tdontxxzek.mp4,0.95
tdsndnisso.mp4,0.95
tdspbqidzz.mp4,0.95
temjefwaas.mp4,0.95
teohokreqz.mp4,0.929507851600647
titungrbgd.mp4,0.95
tjdxwdoumt.mp4,0.95
tjqjumumjm.mp4,0.95
tjywwgftmv.mp4,0.95
tkcuhfhdzs.mp4,0.95
tktsmomimq.mp4,0.95
tkvhbpjuvd.mp4,0.95
tkyrsegtdw.mp4,0.95
tmgdhykjbo.mp4,0.9288585782051086
tmjcigspif.mp4,0.95
tnecbhfzba.mp4,0.95
tnougkhbju.mp4,0.05
tnrasovsbr.mp4,0.95
tnrmnayszi.mp4,0.95
tnwavwcrmn.mp4,0.95
toewhlbcgt.mp4,0.9416799545288086
toinozytsp.mp4,0.05
tpfjysjysn.mp4,0.95
tpkawovfsk.mp4,0.95
tptalpxwlv.mp4,0.05
tpvukvpape.mp4,0.95
tqmmvmxqpn.mp4,0.95
tqsbmniqan.mp4,0.95
tqsratgvwa.mp4,0.95
tqxmhhmsyv.mp4,0.95
tszsvitufh.mp4,0.95
ttsiapwbgk.mp4,0.95
tufacqdefx.mp4,0.95
tuykyajhbr.mp4,0.95
tvakyyfsvb.mp4,0.95
tvhjcfnqtg.mp4,0.95
tvhwcpfuuz.mp4,0.95
tvjlounpor.mp4,0.95
twntheorhj.mp4,0.05
twxfrcqxfu.mp4,0.95
twxnazwxup.mp4,0.95
txmnoyiyte.mp4,0.949651837348938
txsyzefnur.mp4,0.95
txxungvxms.mp4,0.95
tyijytqowe.mp4,0.95
tynejafvov.mp4,0.95
uakmltagvm.mp4,0.95
uaqxrykyxq.mp4,0.95
uaspniazcl.mp4,0.95
uaukglhmje.mp4,0.95
uccwyoqmtq.mp4,0.95
ucthmsajay.mp4,0.8740744590759277
udjqbuaqch.mp4,0.95
udxqbhgvvx.mp4,0.95
ueobjeflda.mp4,0.95
ufaigyxttb.mp4,0.95
uhakqelqri.mp4,0.95
uhgxwxlait.mp4,0.95
uhrofvfghh.mp4,0.95
uiaubrlxyl.mp4,0.95
uikpmbsozb.mp4,0.95
uipygodqdq.mp4,0.95
uiqhpnzcmp.mp4,0.95
ujsihxqppu.mp4,0.95
ujvrrbmmye.mp4,0.95
uklvqsnxgv.mp4,0.95
ukthabiilt.mp4,0.95
ulkrhrktaz.mp4,0.95
umpscxhfsk.mp4,0.95
untxvzuldz.mp4,0.95
uoantcwpwm.mp4,0.95
uotkopqsnc.mp4,0.95
uozecebzki.mp4,0.95
uplcuyuvgf.mp4,0.95
upmgtackuf.mp4,0.11178389191627502
uprwuohbwx.mp4,0.08419260382652283
uqiehguuzl.mp4,0.95
uqqivuldlu.mp4,0.9057967066764832
uqtqhiqymz.mp4,0.05
uraibiaste.mp4,0.95
urgdtdchei.mp4,0.95
uripyyofxy.mp4,0.95
urvzpbswoh.mp4,0.95
ushjtzfvyn.mp4,0.95
usqqvxcjmg.mp4,0.8982915282249451
usutboyyqq.mp4,0.95
utqhlximwa.mp4,0.95
utxbqyxdwo.mp4,0.05
uuexerjsmk.mp4,0.95
uvfkppqsjy.mp4,0.95
uwzlafwdra.mp4,0.05
uxchsxvvme.mp4,0.95
uyhqrokmfe.mp4,0.95
uzcezdepho.mp4,0.95
uzcpzcdwfv.mp4,0.95
uzrbokfzmp.mp4,0.95
vamicuaopj.mp4,0.95
vapznfzfle.mp4,0.95
vauwynfqoz.mp4,0.95
vbcjbecyos.mp4,0.05
vdnitwfbvr.mp4,0.95
vecdesnjqd.mp4,0.95
veynowrrav.mp4,0.95
vgcwxcyiof.mp4,0.9254636764526367
vgdwxafmnp.mp4,0.95
vgiaotyvjm.mp4,0.600455641746521
vhpjdjspre.mp4,0.95
vhqnsjfnsl.mp4,0.95
vinguynpez.mp4,0.95
viuioldtnu.mp4,0.883350670337677
vjfjniqnxx.mp4,0.95
vjzhumqpwi.mp4,0.05
vlplaxowmp.mp4,0.95
vmbkxmjsar.mp4,0.9322381019592285
vmdpfyfkwi.mp4,0.95
vmwcynlwee.mp4,0.9172595143318176
vmxfwxgdei.mp4,0.2250095009803772
vnnohpqhjq.mp4,0.95
voawxrmqyl.mp4,0.95
vokrpfjpeb.mp4,0.05
vopokawkip.mp4,0.88166743516922
voudmumlov.mp4,0.95
vpjfmetsvn.mp4,0.95
vpmyeepbep.mp4,0.8370823860168457
vpsngiunec.mp4,0.95
vpwnqqtgdd.mp4,0.95
vqelbvngnc.mp4,0.95
vqvmlwhabu.mp4,0.95
vqwkmjorkj.mp4,0.05
vrceadqnhq.mp4,0.95
vrgubwmtyo.mp4,0.95
vriivjhzpk.mp4,0.6009624004364014
vsmadeuczx.mp4,0.0701240822672844
vstmxsekmm.mp4,0.95
vsxuvpwqmm.mp4,0.95
vtlxnjhdvs.mp4,0.95
vtsbizlvxg.mp4,0.95
vtunvalyji.mp4,0.05
vtzlfurays.mp4,0.95
vurjckblge.mp4,0.95
vuvkhebmuz.mp4,0.95
vvldcncxda.mp4,0.95
vvwuqslvnq.mp4,0.95
vwbzhldrub.mp4,0.95
vxsvhjcpeh.mp4,0.05
vxuhkqqaqv.mp4,0.05
vyxgqftjfs.mp4,0.95
vzcldbilmd.mp4,0.95
vzocjdjdcg.mp4,0.95
vzockawbyi.mp4,0.95
wbdpryfqgy.mp4,0.9413156509399414
wclvkepakb.mp4,0.4394264817237854
wcqvzujamg.mp4,0.29999417066574097
wcssbghcpc.mp4,0.95
wczbchfnad.mp4,0.95
wdcrhqtjhf.mp4,0.95
wdhvvkuwuq.mp4,0.95
wdyzqwntoe.mp4,0.05
wegsexmajl.mp4,0.95
wezyzowkwh.mp4,0.95
wfbqqomqmm.mp4,0.9162154197692871
wfgelanyvu.mp4,0.95
wfhpfqyrdg.mp4,0.95
wfugqfvekh.mp4,0.95
wfzjxzhdkj.mp4,0.627173662185669
wgddfhuvoq.mp4,0.95
whdijawumf.mp4,0.95
whdwipuosf.mp4,0.95
whgfvrprxj.mp4,0.95
whpyhuicpe.mp4,0.95
wiqnwcizhc.mp4,0.95
wirblaouzv.mp4,0.95
wjypybysuw.mp4,0.95
wkczijuamz.mp4,0.95
wkdnagybtb.mp4,0.95
wlvmxuomea.mp4,0.95
wlyfcpecea.mp4,0.6024488806724548
wmoigsbnem.mp4,0.95
wmooshykkb.mp4,0.95
wnaweyzlqh.mp4,0.95
wnlubukrki.mp4,0.95
wozzcuoagt.mp4,0.95
wpnukldybg.mp4,0.95
wpvnnqoqvc.mp4,0.95
wpysxggnok.mp4,0.95
wrrtklwiuf.mp4,0.95
wrzuyvgcog.mp4,0.95
wsakxxhoae.mp4,0.7853400111198425
wsgmrrwxwt.mp4,0.06917688995599747
wsqjykletd.mp4,0.919855535030365
wsxxdlhnhh.mp4,0.6365358233451843
wtcvgvuqzd.mp4,0.95
wugnnrsolg.mp4,0.05
wumkadhelo.mp4,0.95
wutqmgtqac.mp4,0.05
wvjtrmduky.mp4,0.95
wvuualjyur.mp4,0.95
wwvykizoms.mp4,0.95
wxhaqrvsif.mp4,0.95
wxzekbdrqk.mp4,0.95
wyctddnyko.mp4,0.95
wydkvyqaxj.mp4,0.8973456621170044
wykqjiughm.mp4,0.95
wynotylpnm.mp4,0.05
wyqdbqmbjk.mp4,0.95
wzfbvxemxn.mp4,0.95
wzrhdvpktx.mp4,0.9415452480316162
wzrkgntquh.mp4,0.05
wztythgahw.mp4,0.949368417263031
xartlyjtjw.mp4,0.06961660832166672
xawrxpyoau.mp4,0.8427033424377441
xbdqbydiwc.mp4,0.95
xbhppttlaz.mp4,0.95
xbokoalmlv.mp4,0.95
xbtmhdgcie.mp4,0.95
xchzardbfa.mp4,0.15989337861537933
xcmrhxjhfr.mp4,0.0697556585073471
xcruhaccxc.mp4,0.05
xdapclpbip.mp4,0.7491823434829712
xdbnawbnvf.mp4,0.95
xdezcezszc.mp4,0.08386018127202988
xdqrsjzsul.mp4,0.95
xewwsdhdro.mp4,0.06826632469892502
xexmngtcha.mp4,0.95
xfgdnsbnto.mp4,0.95
xfmcdyaipa.mp4,0.95
xgohnozhqe.mp4,0.95
xgzgnpxhng.mp4,0.95
xgzueumhot.mp4,0.95
xhcxlgyjdj.mp4,0.95
xhssxmjzrm.mp4,0.95
xhtppuyqdr.mp4,0.9194809794425964
xhxlsedcyb.mp4,0.95
xiaykkootc.mp4,0.9428196549415588
xiriffwqri.mp4,0.95
xjfvhfyunl.mp4,0.95
xjidmljhxe.mp4,0.95
xjpwlxducl.mp4,0.95
xjsovchfkg.mp4,0.95
xjzkfqddyk.mp4,0.05
xkfliqnmwt.mp4,0.6651350259780884
xkichouvzp.mp4,0.5885765552520752
xkmpyvtdch.mp4,0.95
xlhxkekacj.mp4,0.05
xlmduthjih.mp4,0.95
xmkwsnuzyq.mp4,0.05
xnfrhixfym.mp4,0.05
xnkktewjmu.mp4,0.95
xnmnhtwtex.mp4,0.95
xnztznqlis.mp4,0.95
xpxrjwwibn.mp4,0.95
xpzfhhwkwb.mp4,0.95
xrqhflacsg.mp4,0.95
xrtvtthfec.mp4,0.95
xscsjnesyj.mp4,0.95
xssuxipwtu.mp4,0.95
xtaktzlrme.mp4,0.8438669443130493
xtcbnasaew.mp4,0.95
xtegzrbvaz.mp4,0.95
xtevltafix.mp4,0.95
xugmhbetrw.mp4,0.0627184733748436
xvzjzkrmlm.mp4,0.05
xwlwgvujnz.mp4,0.95
xwukecfpeb.mp4,0.95
xxvwbfmgzy.mp4,0.95
xykfexpxnv.mp4,0.9383582472801208
xymeodlrhb.mp4,0.95
xzaourmddl.mp4,0.95
xzqgptotdo.mp4,0.05
yabvnuhvkn.mp4,0.95
yajhwipypq.mp4,0.95
ybbrkacebd.mp4,0.6780682802200317
ybdtkypwez.mp4,0.05
ybefzibreb.mp4,0.95
ybjbxrpmod.mp4,0.8832606673240662
ybnucgidtu.mp4,0.255923330783844
ybwvoogtii.mp4,0.95
yckyxxeqtd.mp4,0.95
ycpuhmcdom.mp4,0.05
yeeceldqpx.mp4,0.05
yeouperxzc.mp4,0.95
yerppzhfiv.mp4,0.95
yexeazbqig.mp4,0.1852130889892578
yfnvwhnofw.mp4,0.95
yfxtuimubx.mp4,0.8629000186920166
yfzulfwjue.mp4,0.6012119054794312
ygfoblbxcx.mp4,0.95
ygknkubeyb.mp4,0.95
ygmobxlwoi.mp4,0.95
ygngdbjmox.mp4,0.95
ygsffqgqcg.mp4,0.95
yhbpxjcglo.mp4,0.95
yhchnvjcok.mp4,0.95
yhoincdvdk.mp4,0.95
yhqltdyvcy.mp4,0.95
yiabajckla.mp4,0.05
yihsmubqwx.mp4,0.05
yimqkeekjm.mp4,0.05
yivoplhlcj.mp4,0.95
yivspcmkbk.mp4,0.95
yjllqhbmke.mp4,0.95
ykbhmueovi.mp4,0.95
ykiiuksurb.mp4,0.95
yklkjjlpyj.mp4,0.05
yljecirelf.mp4,0.12226656824350357
yllztsrwjw.mp4,0.95
yminuwlmoh.mp4,0.95
yncjoacwmk.mp4,0.95
ynrueopehk.mp4,0.95
ynycdheids.mp4,0.95
yokwqbiqle.mp4,0.95
yoredbmvzx.mp4,0.95
yotgejovqt.mp4,0.95
yotyalfqqv.mp4,0.95
yptchajnvb.mp4,0.95
ypufjcamul.mp4,0.95
yqahpmrcmp.mp4,0.95
yqlojrwakg.mp4,0.95
yrdqoqggkh.mp4,0.95
yrivmbpotx.mp4,0.95
ysqbnccstr.mp4,0.95
ysxtcdphlj.mp4,0.95
ytoghswfjl.mp4,0.95
ytyptdjoay.mp4,0.8803495168685913
yuephcvqzq.mp4,0.95
yugbeaqhlf.mp4,0.05
yuuaxskvqi.mp4,0.95
yvvrvvkhob.mp4,0.06907214224338531
ywajbwquvw.mp4,0.95
ywcfkvqemt.mp4,0.95
ywzumxqcsf.mp4,0.06952521204948425
yxirnfyijn.mp4,0.06970485299825668
yxkbjxmtzr.mp4,0.95
yxvmusxvcz.mp4,0.875689685344696
yyzqbaexnn.mp4,0.95
yzjzczodyz.mp4,0.95
yzrngdribf.mp4,0.95
yzuestxcbq.mp4,0.9046812653541565
zaendkbrip.mp4,0.9446655511856079
zamdpqkmaz.mp4,0.05
zbmsvslybw.mp4,0.95
zbpwazdhtz.mp4,0.95
zbvlctwcqr.mp4,0.9170742630958557
zccpfawquo.mp4,0.95
zcnslhnnhl.mp4,0.05
zepsangjjb.mp4,0.95
zfkgevlnur.mp4,0.05
zhkqxjalrq.mp4,0.95
zhopdnywsb.mp4,0.872015118598938
zigzhwlpcd.mp4,0.95
zjcpgizmgd.mp4,0.95
zkarzsylvk.mp4,0.95
zmjszxzxpz.mp4,0.95
zmndlwmybr.mp4,0.95
znxyqjeodn.mp4,0.95
zoleozlpfj.mp4,0.95
zovntpfyum.mp4,0.7693658471107483
zpbggelffo.mp4,0.95
zpidqyqocx.mp4,0.95
zpilavstvx.mp4,0.95
zpllznxapc.mp4,0.8413406610488892
zplyjqnfmv.mp4,0.05
zqjzmarjbk.mp4,0.95
zqodmfrtbs.mp4,0.9175817370414734
zqtvyuoabj.mp4,0.95
zrplhkcesw.mp4,0.95
zrueallpey.mp4,0.95
zrxngesosr.mp4,0.95
ztwlbdwyni.mp4,0.95
zumqskdmht.mp4,0.05
zuvktiyzzr.mp4,0.95
zvjzhuinck.mp4,0.95
zvsivkdkak.mp4,0.95
zvuidmemcp.mp4,0.05
zwgrutmnsn.mp4,0.95
zwsbdiyrpg.mp4,0.95
zxprilbsxp.mp4,0.05
zxvgazoudy.mp4,0.95
zxyvcnkeiz.mp4,0.9469521045684814
zybunacsgi.mp4,0.95
zyjmvauuzw.mp4,0.95
zzlsynxeff.mp4,0.95
